iteration,steps,env_steps,internal_ticks,avg_inference_ms,score_red
1,84,84,600,0.3633886179619137,42.0
2,93,93,600,0.24370305155488578,45.0
3,125,125,600,0.24123220847776303,48.0
4,100,100,600,0.24096144008494558,54.0
5,191,191,600,0.2414404179503038,21.0
6,189,189,600,0.24112376112417125,21.0
7,214,214,600,0.23644066217924115,15.0
8,68,68,600,0.24215808801659164,42.0
9,247,247,600,0.23930086281598734,38.0
10,124,124,600,0.23924901615828276,47.0
11,240,240,600,0.2364467768336585,27.0
12,103,103,600,0.239947771231802,27.0
13,211,211,600,0.23612998059200765,3.0
14,104,104,600,0.24410324228878041,42.0
15,118,118,600,0.23779159734450925,42.0
16,188,188,600,0.2362276803739745,24.0
17,196,196,600,0.2354268062238892,27.0
18,122,122,600,0.2381742215500428,54.0
19,235,235,600,0.23558700502098323,39.0
20,190,190,600,0.23523283313091808,41.0
21,104,104,600,0.23912626677491794,48.0
22,89,89,600,0.24139057557554322,72.0
23,83,83,600,0.24114541131360778,57.0
24,72,72,600,0.2417723493029674,57.0
25,101,101,600,0.23976899252307635,60.0
26,229,229,600,0.23443449058558838,24.0
27,95,95,600,0.24060735013335943,51.0
28,176,176,600,0.23614114263292516,50.0
29,96,96,600,0.24100168353333226,48.0
30,104,104,600,0.2398369218802677,48.0
31,200,200,600,0.23586733142248772,36.0
32,170,170,600,0.23592614544261442,29.0
33,225,225,600,0.23454809060461254,18.0
34,111,111,600,0.23914004365603128,57.0
35,97,97,600,0.2415529657703112,60.0
36,113,113,600,0.23931429313961416,51.0
37,105,105,600,0.23923762110543662,48.0
38,84,84,600,0.24241645129795156,12.0
39,207,207,600,0.23721637800000273,23.0
40,174,174,600,0.23791297571733594,18.0
41,87,87,600,0.24230924641920462,36.0
42,109,109,600,0.23868308288224957,51.0
43,220,220,600,0.2349293751461345,24.0
44,78,78,600,0.23976160446181893,60.0
45,86,86,600,0.23974466861950028,60.0
46,241,241,600,0.23513744917583954,30.0
47,101,101,600,0.24004249672333783,36.0
48,297,297,600,0.23521301759914917,0.0
49,92,92,600,0.2474721540954519,57.0
50,85,85,600,0.24240569661507447,51.0
51,117,117,600,0.23881853323335908,42.0
52,115,115,600,0.2385094330823126,24.0
53,76,76,600,0.24208686171242824,39.0
54,74,74,600,0.24020936398301274,51.0
55,195,195,600,0.23635484588642916,39.0
56,119,119,600,0.24035649916126592,39.0
57,115,115,600,0.24040937662506714,27.0
58,249,249,600,0.2358932971643905,24.0
59,179,179,600,0.2386762104310829,57.0
60,82,82,600,0.2401290630287194,54.0
61,89,89,600,0.24770719663022048,45.0
62,200,200,600,0.23637345681587857,18.0
63,94,94,600,0.24032276551410253,60.0
64,132,132,600,0.23823460596131868,44.0
65,120,120,600,0.23974740179255605,60.0
66,75,75,600,0.24072433977077404,45.0
67,96,96,600,0.2393330341334095,39.0
68,84,84,600,0.24136717073879269,66.0
69,217,217,600,0.2355479456959887,15.0
70,103,103,600,0.24117487260983106,48.0
71,122,122,600,0.23826973505713273,33.0
72,231,231,600,0.23408585920839048,27.0
73,217,217,600,0.2347531925232216,23.0
74,278,278,600,0.2330954223273881,0.0
75,105,105,600,0.24093790706076207,66.0
76,195,195,600,0.2365418305784902,33.0
77,203,203,600,0.2356357715168112,24.0
78,191,191,600,0.2359478983816236,15.0
79,203,203,600,0.23678031540689393,18.0
80,162,162,600,0.23713696215064883,30.0
81,104,104,600,0.23809650283829686,45.0
82,90,90,601,0.239940620265267,42.0
83,81,81,600,0.24199757682180953,54.0
84,112,112,600,0.23890486797960153,30.0
85,71,71,600,0.2423777555425962,69.0
86,189,189,600,0.2391800355848552,27.0
87,108,108,600,0.23863405346803898,33.0
88,99,99,600,0.2407053679154061,48.0
89,83,83,600,0.24362173648658156,39.0
90,191,191,600,0.23695151543333418,24.0
91,95,95,600,0.2427061691003687,72.0
92,97,97,601,0.24079773183389802,57.0
93,99,99,600,0.24111551737465034,65.0
94,139,139,600,0.23763143027177716,33.0
95,207,207,600,0.23554269552862803,30.0
96,200,200,600,0.2372628164499305,36.0
97,103,103,600,0.2405705782039477,30.0
98,93,93,600,0.2406538660954876,60.0
99,77,77,600,0.24244947902237377,27.0
100,202,202,600,0.23661836955661528,21.0
101,80,80,601,0.24246615012762723,48.0
102,141,141,600,0.23935115654263403,42.0
103,86,86,600,0.2410678124955196,57.0
104,90,90,601,0.2386387720819294,36.0
105,100,100,600,0.2492330569241728,69.0
106,96,96,600,0.241069824016672,33.0
107,98,98,600,0.24080227946265126,69.0
108,230,230,600,0.23620450266354806,27.0
109,96,96,600,0.24124818573732978,53.0
110,167,167,600,0.2375690747936398,33.0
111,169,169,600,0.23672733092331952,21.0
112,85,85,600,0.24203867757354272,36.0
113,88,88,600,0.24032712193025696,56.0
114,127,127,600,0.23884165707524077,29.0
115,100,100,600,0.23867812761593432,66.0
116,83,83,600,0.24170368032037526,24.0
117,136,136,600,0.23809791063811156,33.0
118,93,93,600,0.2418168722406814,33.0
119,175,175,600,0.23688932004220345,27.0
120,198,198,600,0.23767477223458136,30.0
121,210,210,600,0.23501961874291627,33.0
122,120,120,600,0.23803217447407188,33.0
123,234,234,600,0.23457279286710134,35.0
124,77,77,600,0.23923167027533054,51.0
125,86,86,600,0.23960411310830015,51.0
126,95,95,600,0.2412856876046634,42.0
127,253,253,601,0.23691655623313404,24.0
128,76,76,600,0.24124235202224903,54.0
129,184,184,600,0.23729728500685454,40.0
130,216,216,600,0.2341777828287303,27.0
131,115,115,600,0.2396153538332631,69.0
132,108,108,601,0.2384967041936347,54.0
133,135,135,600,0.23934145559532902,36.0
134,198,198,600,0.23502632310347898,21.0
135,190,190,600,0.2370774901161591,35.0
136,101,101,600,0.23735080113900558,57.0
137,313,313,600,0.23353401806873633,0.0
138,225,225,600,0.23555058268372153,33.0
139,198,198,600,0.23618750013062886,24.0
140,92,92,600,0.24101601835961142,36.0
141,94,94,600,0.23881018529176165,27.0
142,176,176,600,0.23648185396497262,36.0
143,118,118,600,0.24136185804887336,51.0
144,173,173,601,0.237060367734112,24.0
145,90,90,600,0.2401585489050629,24.0
146,147,147,601,0.23937029237415466,30.0
147,105,105,600,0.24339453493421143,51.0
148,87,87,600,0.24448955370174658,39.0
149,216,216,600,0.24076276930615242,35.0
150,84,84,600,0.24502046763637036,66.0
151,104,104,600,0.24000600149685686,48.0
152,94,94,600,0.23970915709884422,54.0
153,80,80,600,0.24052833152167938,66.0
154,174,174,600,0.23779243557773372,3.0
155,166,166,600,0.23558316109135993,27.0
156,95,95,600,0.24046276562980243,30.0
157,105,105,600,0.23988227109873184,42.0
158,136,136,600,0.23774101709326106,30.0
159,167,167,600,0.23641868469280167,27.0
160,90,90,600,0.23973261937499046,60.0
161,173,173,600,0.2364197383166512,39.0
162,219,219,600,0.23411966840478968,21.0
163,140,140,600,0.23752144227425256,30.0
164,85,85,601,0.24074428206817672,51.0
165,85,85,600,0.24028470363007504,60.0
166,189,189,600,0.23562016420102005,33.0
167,131,131,600,0.2423562617146207,57.0
168,189,189,600,0.23450938661553,24.0
169,242,242,600,0.234653078860346,33.0
170,133,133,600,0.2396337708069695,51.0
171,96,96,600,0.24119090042350924,45.0
172,76,76,600,0.2418228512397036,33.0
173,185,185,600,0.23700110978097655,24.0
174,113,113,600,0.2387840572434167,18.0
175,80,80,600,0.2420181689043361,24.0
176,108,108,600,0.2375202222673361,48.0
177,128,128,600,0.2391630255709022,54.0
178,86,86,600,0.2413408493029547,42.0
179,226,226,600,0.23629944809697204,27.0
180,78,78,600,0.23984106728571583,30.0
181,219,219,600,0.23470316005270345,27.0
182,132,132,600,0.2377519417288048,48.0
183,85,85,600,0.2395137844066466,56.0
184,226,226,600,0.23636334779194926,27.0
185,141,141,600,0.2376056963960264,18.0
186,230,230,600,0.23544599066384106,33.0
187,82,82,600,0.24469617535086238,36.0
188,84,84,600,0.24183253963412932,51.0
189,169,169,600,0.2376305426216938,0.0
190,215,215,600,0.2364533325738233,24.0
191,132,132,600,0.23860466983709214,30.0
192,111,111,600,0.23818824144943457,51.0
193,220,220,600,0.23582542979787302,18.0
194,97,97,600,0.24041561221685073,33.0
195,218,218,600,0.23624936280691103,3.0
196,78,78,601,0.24187172086732017,69.0
197,90,90,601,0.24326029976710994,51.0
198,121,121,600,0.24000388871440118,33.0
199,171,171,600,0.2401516423560679,38.0
200,180,180,601,0.2369277478594865,33.0
201,229,229,600,0.23533939577949542,45.0
202,192,192,601,0.23712168844855006,30.0
203,129,129,601,0.23819456902751027,15.0
204,95,95,600,0.2404036504045433,27.0
205,101,101,600,0.23893163481776694,27.0
206,86,86,600,0.24098074217173424,36.0
207,88,88,600,0.2396309282630682,39.0
208,94,94,600,0.23985461973883573,56.0
209,211,211,600,0.23637457317754365,27.0
210,114,114,600,0.2390865345425423,54.0
211,91,91,600,0.2419001408567538,51.0
212,93,93,600,0.24104876126902006,51.0
213,151,151,600,0.24163469131435117,60.0
214,231,231,601,0.2346799447543536,27.0
215,209,209,600,0.23735018535139593,18.0
216,110,110,601,0.23775941779110896,48.0
217,158,158,600,0.23765622309463866,39.0
218,84,84,600,0.24142305023576083,54.0
219,186,186,600,0.23663929795969257,30.0
220,131,131,600,0.2393805808931976,57.0
221,218,218,600,0.2364460770370422,29.0
222,84,84,600,0.24175293122728667,30.0
223,133,133,601,0.24276521732427284,36.0
224,215,215,600,0.2363944845475676,27.0
225,99,99,600,0.23955834497298514,51.0
226,74,74,600,0.24125451902643993,54.0
227,77,77,600,0.2421121012796707,45.0
228,79,79,600,0.24263728118967265,48.0
229,162,162,600,0.23771944789571225,26.0
230,171,171,600,0.23752276449360782,27.0
231,196,196,600,0.23547192991134666,27.0
232,219,219,600,0.23605483700038238,24.0
233,84,84,600,0.2404145875966156,72.0
234,80,80,600,0.24121125666972468,63.0
235,111,111,600,0.23935228487764432,45.0
236,209,209,600,0.23684426838451106,27.0
237,81,81,600,0.24152206393276773,42.0
238,130,130,600,0.2384174051104297,33.0
239,119,119,600,0.23972184766730495,21.0
240,81,81,600,0.23971867062493987,30.0
241,136,136,600,0.2391476510092616,60.0
242,168,168,600,0.23690871161858687,20.0
243,122,122,600,0.2379450638791625,36.0
244,85,85,600,0.23945173747914356,33.0
245,212,212,600,0.23547053818678498,41.0
246,86,86,600,0.24126269240546358,42.0
247,227,227,600,0.2346184318582338,21.0
248,76,76,600,0.24165981740225106,48.0
249,99,99,600,0.24164209425376326,54.0
250,201,201,601,0.23611177462408564,39.0
251,97,97,600,0.2396613092713275,48.0
252,137,137,601,0.23995808288945178,39.0
253,141,141,600,0.2384552897542323,18.0
254,92,92,600,0.24111164627053464,51.0
255,69,69,600,0.24068484246428754,50.0
256,120,120,601,0.23732058304761136,57.0
257,178,178,601,0.2367857990056737,48.0
258,87,87,600,0.24031767236959675,36.0
259,95,95,600,0.2397172112307213,38.0
260,113,113,600,0.2420237548809884,69.0
261,97,97,601,0.23978167925687396,54.0
262,188,188,601,0.23780763507462466,33.0
263,113,113,600,0.23988537539384866,57.0
264,217,217,600,0.23714165824155012,24.0
265,199,199,600,0.23668510514463104,50.0
266,212,212,600,0.23513834813699191,0.0
267,89,89,600,0.24048273432223746,69.0
268,106,106,600,0.2399123735366422,30.0
269,95,95,600,0.24059435352683067,36.0
270,235,235,600,0.23527215710099864,42.0
271,162,162,600,0.2367853171149777,24.0
272,106,106,601,0.24003568317063828,57.0
273,103,103,600,0.2392703803990959,45.0
274,276,276,600,0.23303044187921515,0.0
275,102,102,600,0.23810399553595898,45.0
276,84,84,600,0.2403247559054212,60.0
277,140,140,600,0.23929882306782974,30.0
278,79,79,600,0.24178094889332608,63.0
279,99,99,600,0.24057508391492508,50.0
280,89,89,601,0.23827353713683563,33.0
281,96,96,600,0.23928441751365348,36.0
282,187,187,600,0.23687042162886687,42.0
283,94,94,600,0.2412507456028834,60.0
284,86,86,600,0.24238979228987143,48.0
285,98,98,601,0.24023954756557941,72.0
286,208,208,600,0.23585804180169162,27.0
287,98,98,600,0.24334513856207624,27.0
288,94,94,600,0.23766583097832542,42.0
289,200,200,600,0.23638696370224627,30.0
290,80,80,600,0.24140089018536465,60.0
291,217,217,600,0.23499238223098873,30.0
292,85,85,600,0.2398418728262186,48.0
293,85,85,600,0.24082349740307438,36.0
294,214,214,600,0.23724707832510492,15.0
295,218,218,600,0.23614410581492287,18.0
296,199,199,600,0.23605946215252843,44.0
297,102,102,600,0.2377736753067084,75.0
298,99,99,600,0.23847553660874968,30.0
299,105,105,600,0.240804860368371,27.0
300,92,92,600,0.23993258461511383,48.0
301,208,208,600,0.23666227240662235,36.0
302,180,180,600,0.23570763590486393,21.0
303,99,99,600,0.2379369849356216,54.0
304,119,119,600,0.23847895606261926,60.0
305,85,85,600,0.24155345103093265,57.0
306,101,101,600,0.2420821018238491,54.0
307,84,84,600,0.24335399313375006,30.0
308,95,95,600,0.24077585735118265,42.0
309,108,108,600,0.2377990147164255,48.0
310,142,142,600,0.23718469019513577,51.0
311,179,179,600,0.23758805230559416,15.0
312,175,175,600,0.23599926001088298,21.0
313,70,70,600,0.24063647665743587,36.0
314,210,210,600,0.2370625530091817,21.0
315,95,95,600,0.23945960724218324,48.0
316,218,218,600,0.2346962350440302,6.0
317,90,90,600,0.2429118536858131,45.0
318,109,109,601,0.23857297253657558,33.0
319,129,129,600,0.239719696258916,24.0
320,162,162,600,0.23700666530162431,27.0
321,88,88,600,0.24331734619206852,60.0
322,258,258,600,0.2336824799057882,0.0
323,72,72,600,0.2415327231089274,48.0
324,99,99,600,0.2399557778103785,45.0
325,96,96,600,0.23986437828144402,36.0
326,174,174,600,0.2360927557723748,41.0
327,172,172,601,0.23605166262085425,36.0
328,222,222,601,0.2366596614902324,27.0
329,254,254,600,0.23516683307077205,24.0
330,91,91,600,0.244098368476933,30.0
331,95,95,600,0.24091696479555333,36.0
332,107,107,600,0.24128193670714443,33.0
333,181,181,600,0.2393461457502685,30.0
334,91,91,601,0.2413547965452859,48.0
335,111,111,601,0.23857177204398577,27.0
336,87,87,600,0.24185362722604503,42.0
337,87,87,600,0.2427146951150563,39.0
338,116,116,600,0.23972011194182713,36.0
339,109,109,601,0.2375657476174335,51.0
340,183,183,600,0.23775129967858805,38.0
341,186,186,600,0.23816405308793237,21.0
342,81,81,600,0.24052622631706042,42.0
343,182,182,600,0.23702637316953193,24.0
344,183,183,601,0.236942248245209,27.0
345,80,80,600,0.24151776040739872,24.0
346,115,115,600,0.24009470972919564,24.0
347,75,75,600,0.2445147360842197,62.0
348,102,102,600,0.24060595583600491,21.0
349,108,108,601,0.24135418893170676,36.0
350,104,104,600,0.23984923762710472,33.0
351,87,87,600,0.2425972010112471,72.0
352,208,208,600,0.23570512421429157,21.0
353,113,113,600,0.23966671055198735,57.0
354,219,219,600,0.23666499503727617,27.0
355,83,83,600,0.2393552592063012,48.0
356,170,170,600,0.2369894946956735,30.0
357,91,91,600,0.23921793520761034,48.0
358,85,85,600,0.24152397805743892,57.0
359,113,113,600,0.2384270583355769,39.0
360,101,101,600,0.24047149567022208,30.0
361,120,120,600,0.23874782133274353,24.0
362,120,120,600,0.23801836968314918,18.0
363,103,103,600,0.24661588021249414,51.0
364,206,206,600,0.23678903113966343,36.0
365,84,84,600,0.24210370611399412,39.0
366,241,241,600,0.23446737957948988,39.0
367,112,112,600,0.2388782799243927,69.0
368,75,75,600,0.24212488311935557,54.0
369,86,86,600,0.24070481120954068,72.0
370,103,103,601,0.24074675737444412,51.0
371,105,105,600,0.24136558222847107,33.0
372,97,97,600,0.2386038156472287,45.0
373,85,85,600,0.24174535432937502,36.0
374,77,77,600,0.24209360883806844,48.0
375,196,196,600,0.23668446070091292,24.0
376,219,219,600,0.23461693080560286,30.0
377,100,100,600,0.23993354401798972,48.0
378,177,177,600,0.23676046681509394,39.0
379,291,291,600,0.23312137084270732,0.0
380,110,110,600,0.23939770693748685,39.0
381,88,88,600,0.24079775780831514,54.0
382,200,200,600,0.2361707624361337,18.0
383,116,116,600,0.2385410014539957,45.0
384,181,181,600,0.23783945368084403,21.0
385,107,107,600,0.24026392942719293,48.0
386,168,168,600,0.2370767048534637,8.0
387,204,204,600,0.23772687970402653,24.0
388,131,131,600,0.23892397572561888,24.0
389,217,217,600,0.23683861198843317,6.0
390,99,99,600,0.24078828239933067,27.0
391,113,113,600,0.24131443165242672,57.0
392,93,93,601,0.24081469860439209,48.0
393,212,212,600,0.23624710298168497,27.0
394,95,95,600,0.24017883075889454,63.0
395,138,138,600,0.23752040205857694,39.0
396,235,235,600,0.23455004913792493,12.0
397,182,182,600,0.23895729696605264,57.0
398,100,100,600,0.2396275843715384,51.0
399,94,94,600,0.24071476175723708,24.0
400,72,72,600,0.2425474114716053,36.0
401,97,97,600,0.24269314455145066,27.0
402,97,97,600,0.23996201108651932,48.0
403,81,81,600,0.2489302444326527,45.0
404,225,225,600,0.23582427946413742,30.0
405,99,99,600,0.2429572756863335,24.0
406,111,111,600,0.23903623075475766,24.0
407,149,149,600,0.23704342132697076,33.0
408,100,100,601,0.23950376947011268,33.0
409,125,125,600,0.2386994635018001,48.0
410,100,100,600,0.24049661294059846,48.0
411,113,113,600,0.239180211181275,24.0
412,103,103,601,0.239167879624045,27.0
413,90,90,600,0.23997715930929597,33.0
414,223,223,600,0.23567197633961753,12.0
415,95,95,600,0.2407757400751415,33.0
416,138,138,601,0.23765494527459954,24.0
417,156,156,600,0.23844869761371318,66.0
418,75,75,600,0.24245696228095576,42.0
419,84,84,600,0.24034189991652966,60.0
420,96,96,600,0.24090752498630216,60.0
421,109,109,600,0.24098073769998443,18.0
422,96,96,600,0.2399368582255378,48.0
423,118,118,600,0.23984371311962605,54.0
424,103,103,600,0.24213844620323968,24.0
425,92,92,600,0.2385627589013317,48.0
426,133,133,600,0.2366178090973147,24.0
427,80,80,600,0.24197815907418085,42.0
428,90,90,600,0.23935585981234908,42.0
429,75,75,600,0.24085217960362817,33.0
430,70,70,600,0.24190556564151425,39.0
431,107,107,600,0.23886788770690695,48.0
432,70,70,600,0.2423386803517739,54.0
433,118,118,600,0.23862024986996283,63.0
434,84,84,600,0.24081611652569523,60.0
435,98,98,600,0.24263503262773156,36.0
436,140,140,600,0.2378727084284784,48.0
437,200,200,600,0.23575609571538692,21.0
438,87,87,600,0.2417645064070002,62.0
439,225,225,601,0.23512105761590052,15.0
440,204,204,601,0.23555238413709131,24.0
441,80,80,600,0.24142766831420273,51.0
442,68,68,600,0.24312461814465555,48.0
443,88,88,600,0.24072664996816054,48.0
444,128,128,600,0.23661810139726316,33.0
445,161,161,600,0.23691807899855627,21.0
446,79,79,600,0.2405089887240565,51.0
447,94,94,600,0.23854603059589863,42.0
448,161,161,600,0.23861620117603355,30.0
449,191,191,600,0.23519352544099092,42.0
450,97,97,600,0.239454151596874,48.0
451,192,192,600,0.23603514317825366,21.0
452,110,110,600,0.24008414238295722,27.0
453,93,93,600,0.2415210141667298,54.0
454,143,143,600,0.23807895733426285,23.0
455,76,76,600,0.24074212997220457,12.0
456,101,101,600,0.2400399017561641,57.0
457,118,118,600,0.23786101060417983,48.0
458,199,199,600,0.23545894717764376,30.0
459,104,104,600,0.2403771831157887,45.0
460,108,108,600,0.23892327145862896,36.0
461,212,212,600,0.23526397384541892,21.0
462,103,103,600,0.23954030050820596,62.0
463,223,223,600,0.23575583492833402,39.0
464,219,219,600,0.2356446299421363,0.0
465,169,169,600,0.23632496979169465,30.0
466,87,87,600,0.2412758428060139,48.0
467,93,93,600,0.24059646574851984,39.0
468,98,98,600,0.24025527258905083,45.0
469,118,118,600,0.24062237793170824,24.0
470,195,195,601,0.23481455550958902,36.0
471,94,94,600,0.2411151584237814,51.0
472,215,215,600,0.23648034297093945,24.0
473,109,109,600,0.23788965553936797,51.0
474,234,234,600,0.23410138341465167,30.0
475,94,94,600,0.2415029903744707,39.0
476,91,91,600,0.23972536389207103,51.0
477,125,125,601,0.2381311539836504,48.0
478,90,90,600,0.24275478024623895,48.0
479,208,208,600,0.23454692639896402,27.0
480,87,87,601,0.2395692551018376,48.0
481,98,98,600,0.2395748293825558,51.0
482,102,102,600,0.23935928898440167,39.0
483,119,119,600,0.23987307935202307,69.0
484,134,134,600,0.23749027857366872,36.0
485,192,192,600,0.23613634845456494,33.0
486,110,110,601,0.23764685630017232,24.0
487,118,118,600,0.23804352099102907,48.0
488,92,92,601,0.23986544174206728,39.0
489,85,85,600,0.2393454677708771,54.0
490,211,211,600,0.23577953882825872,21.0
491,178,178,600,0.23770409170538187,39.0
492,106,106,600,0.23791131873925528,30.0
493,209,209,600,0.2354139305519319,27.0
494,90,90,600,0.2408508186865794,48.0
495,199,199,600,0.23600604288490876,24.0
496,82,82,600,0.2396963563197377,33.0
497,230,230,600,0.23534084878923733,27.0
498,84,84,600,0.2402225534871712,39.0
499,136,136,600,0.2384814241066061,30.0
500,84,84,600,0.23999493412171186,66.0
501,106,106,601,0.23866121071101776,48.0
502,221,221,601,0.23571506849803123,12.0
503,188,188,600,0.2368811916773827,32.0
504,107,107,600,0.23852753782131034,48.0
505,83,83,600,0.24108698783928284,48.0
506,115,115,600,0.23845066997881342,30.0
507,87,87,600,0.24009993339472627,45.0
508,101,101,600,0.2389892213583245,36.0
509,194,194,600,0.23636822767842275,36.0
510,91,91,600,0.24101864012967175,59.0
511,92,92,600,0.24157529696822166,45.0
512,89,89,600,0.2405267377680802,54.0
513,145,145,600,0.23736342345961392,39.0
514,103,103,600,0.24058664903828972,45.0
515,264,264,600,0.23490217532303748,24.0
516,93,93,600,0.24054730263999616,30.0
517,110,110,600,0.24031185118171075,39.0
518,170,170,600,0.23610708403891775,18.0
519,118,118,600,0.23896146065941673,27.0
520,100,100,601,0.2404545553325288,45.0
521,114,114,600,0.2390690460742917,36.0
522,181,181,600,0.2371358480758783,27.0
523,86,86,600,0.24023759496313604,57.0
524,225,225,600,0.2367009747788996,0.0
525,200,200,600,0.236113473426464,33.0
526,77,77,600,0.24052310089411383,42.0
527,194,194,601,0.23546855054086163,33.0
528,125,125,600,0.23847345070813902,48.0
529,82,82,601,0.24037474455932775,33.0
530,82,82,600,0.24275292492546569,57.0
531,215,215,600,0.23619678962093435,23.0
532,127,127,600,0.2381901291233522,54.0
533,222,222,600,0.23636742190895033,21.0
534,81,81,600,0.24241853662463556,42.0
535,171,171,600,0.2361262562654672,33.0
536,96,96,600,0.24051305509227164,21.0
537,93,93,600,0.24017271845458218,48.0
538,92,92,600,0.23916570551114752,33.0
539,127,127,601,0.2392014057409984,51.0
540,168,168,600,0.23649817936726517,15.0
541,94,94,600,0.2398463295339936,42.0
542,96,96,600,0.23825828961673237,45.0
543,138,138,600,0.23714234645398247,42.0
544,133,133,600,0.23810610386496742,57.0
545,96,96,600,0.2403965177522464,69.0
546,83,83,600,0.24033900064585562,27.0
547,81,81,600,0.24870325993189868,51.0
548,128,128,600,0.23810447645232535,42.0
549,155,155,600,0.23769373302719343,36.0
550,73,73,600,0.24056650662818288,48.0
551,121,121,600,0.23844986119204098,48.0
552,149,149,600,0.23791610075887748,27.0
553,110,110,600,0.24010710434855095,36.0
554,98,98,600,0.23883495641012603,54.0
555,184,184,600,0.23592637282692722,21.0
556,110,110,600,0.2381053181881664,30.0
557,194,194,600,0.23764118163063772,41.0
558,87,87,600,0.24142381638133278,42.0
559,98,98,601,0.23844393805783484,51.0
560,82,82,600,0.24084478306273618,48.0
561,102,102,600,0.24009553977010545,56.0
562,217,217,601,0.23552286147605628,27.0
563,89,89,600,0.24186054009248267,54.0
564,104,104,600,0.24028736288132874,18.0
565,77,77,600,0.24104912915192117,33.0
566,109,109,600,0.2411909638261744,45.0
567,195,195,601,0.235862293737699,27.0
568,82,82,600,0.24033274332230742,60.0
569,189,189,600,0.23611414465395844,30.0
570,111,111,600,0.24001932068340545,39.0
571,114,114,601,0.23928286710513696,42.0
572,210,210,600,0.2359618928850345,0.0
573,89,89,600,0.23957112474211803,57.0
574,83,83,600,0.24250222134639274,51.0
575,94,94,600,0.24042938056648994,36.0
576,172,172,600,0.2359655475669095,21.0
577,84,84,600,0.23899468054112635,57.0
578,87,87,600,0.24003464366412827,48.0
579,96,96,601,0.2392558470511666,42.0
580,166,166,600,0.23707009398994225,45.0
581,96,96,600,0.24141537458958603,48.0
582,99,99,600,0.23890464270318099,42.0
583,92,92,600,0.24126633783156165,27.0
584,86,86,600,0.2426085269285573,48.0
585,74,74,600,0.2405375276726705,68.0
586,90,90,600,0.24977375996177614,51.0
587,89,89,600,0.24172120917868872,30.0
588,97,97,600,0.24088607717524557,30.0
589,86,86,600,0.24113692242004303,39.0
590,221,221,600,0.23580845247240778,33.0
591,192,192,600,0.23766049663677358,24.0
592,81,81,600,0.2425513479725591,45.0
593,72,72,600,0.24097224769110864,54.0
594,87,87,600,0.24007766559306118,54.0
595,78,78,601,0.2415484981611371,60.0
596,128,128,600,0.23764671945471819,48.0
597,328,328,601,0.23276956988878605,0.0
598,185,185,600,0.23648976187767654,21.0
599,206,206,600,0.23607706634310988,18.0
600,198,198,600,0.2370777575557597,21.0
601,122,122,601,0.2394692580166616,66.0
602,88,88,600,0.23953266613914267,42.0
603,95,95,600,0.23799566726121946,27.0
604,101,101,601,0.2396614510425419,48.0
605,148,148,600,0.24208057272647107,30.0
606,92,92,600,0.24010089691728354,50.0
607,90,90,600,0.24158434446334193,42.0
608,83,83,600,0.24323975119520638,24.0
609,125,125,600,0.23831719084194414,48.0
610,97,97,600,0.24113896556053924,33.0
611,103,103,600,0.24052379428342516,32.0
612,99,99,600,0.23993679809723503,54.0
613,72,72,600,0.24315212677056725,45.0
614,84,84,600,0.24063205087764397,30.0
615,80,80,600,0.2463233956534948,60.0
616,234,234,600,0.23571104716192853,21.0
617,199,199,600,0.23631386622186237,24.0
618,104,104,600,0.24057232907840184,48.0
619,95,95,600,0.23975579999387264,53.0
620,209,209,600,0.23576540562013784,15.0
621,105,105,600,0.2392294362750875,57.0
622,110,110,600,0.23978016869132887,45.0
623,79,79,600,0.2400602981009904,36.0
624,98,98,600,0.2401827165441027,30.0
625,169,169,600,0.23738054409044085,27.0
626,236,236,600,0.2351087455209049,24.0
627,108,108,600,0.23873836212491586,51.0
628,235,235,600,0.23563917507587173,23.0
629,143,143,600,0.23784163648133758,51.0
630,106,106,601,0.24020304672617826,42.0
631,92,92,600,0.2404769450852958,45.0
632,112,112,600,0.2391394109354686,48.0
633,116,116,600,0.23818829841911793,36.0
634,84,84,600,0.2410298303319988,24.0
635,85,85,600,0.24015768328783932,36.0
636,116,116,601,0.2398892039699214,51.0
637,198,198,600,0.23692108673249052,15.0
638,83,83,600,0.24075127412500075,48.0
639,98,98,600,0.24041060276110382,45.0
640,127,127,600,0.2396116916933199,27.0
641,164,164,600,0.23981626921643814,42.0
642,108,108,600,0.23972179665828922,44.0
643,75,75,600,0.24152831233377697,51.0
644,80,80,600,0.2429868986673025,30.0
645,88,88,600,0.24065539522174126,51.0
646,242,242,600,0.23409270215779543,33.0
647,81,81,600,0.24396770944197974,51.0
648,84,84,600,0.23975191188269648,27.0
649,111,111,600,0.24008830688649516,48.0
650,213,213,600,0.23554857658122533,33.0
651,101,101,600,0.2386648974389629,51.0
652,188,188,600,0.23560271730792579,29.0
653,79,79,600,0.24012807647095005,39.0
654,206,206,601,0.23566423851244767,27.0
655,93,93,600,0.2402981620921631,48.0
656,115,115,600,0.2387178072665077,51.0
657,144,144,600,0.23947764911051644,54.0
658,101,101,600,0.2398280820880945,48.0
659,199,199,600,0.23616585142326796,12.0
660,114,114,600,0.24045195508127412,48.0
661,77,77,600,0.24078368715206047,36.0
662,94,94,600,0.24182903298148603,33.0
663,195,195,601,0.23730142376593596,18.0
664,114,114,600,0.23913266686875312,42.0
665,218,218,600,0.23579562648048258,21.0
666,105,105,600,0.2402555847149943,39.0
667,116,116,600,0.24132417785304208,36.0
668,204,204,600,0.23637226154737243,38.0
669,199,199,600,0.2369175062460058,24.0
670,101,101,600,0.23986085669317267,63.0
671,94,94,601,0.24166033536042136,57.0
672,183,183,600,0.2361937522944914,21.0
673,214,214,600,0.23621879719617048,12.0
674,92,92,600,0.24082663953684422,33.0
675,185,185,600,0.23681196967338763,41.0
676,86,86,600,0.24280256067199268,24.0
677,94,94,600,0.24353928105502398,54.0
678,86,86,600,0.23808110533852359,39.0
679,99,99,600,0.2389517722581074,60.0
680,77,77,600,0.24167011014935447,54.0
681,217,217,600,0.23606686369224167,27.0
682,83,83,600,0.24157552715306255,54.0
683,110,110,600,0.2403103260912447,45.0
684,105,105,600,0.2400086939752359,45.0
685,105,105,601,0.2396295073433457,45.0
686,98,98,600,0.2403638186828735,42.0
687,101,101,600,0.2376082443295657,51.0
688,80,80,600,0.24245204015945396,62.0
689,92,92,600,0.2397837443757303,57.0
690,97,97,600,0.23983594021011218,42.0
691,200,200,601,0.23608657660906626,24.0
692,229,229,600,0.23474910726340917,24.0
693,213,213,600,0.23546970469203402,36.0
694,91,91,600,0.25385355443826746,30.0
695,109,109,600,0.23881897541592603,39.0
696,97,97,600,0.2451330884451083,45.0
697,108,108,601,0.24457838541517657,39.0
698,171,171,600,0.24244164418449948,36.0
699,213,213,600,0.23910841472180827,32.0
700,94,94,600,0.2411906491033733,41.0
701,116,116,600,0.23919631043569217,27.0
702,71,71,600,0.2398906886432465,48.0
703,108,108,600,0.23826993962065277,36.0
704,110,110,601,0.23930400687580305,45.0
705,89,89,600,0.24039975981763068,33.0
706,98,98,600,0.24082501619762064,57.0
707,97,97,600,0.23885590221303016,57.0
708,90,90,600,0.24224381746822282,63.0
709,79,79,600,0.24135071025402458,54.0
710,271,271,600,0.23277904289699664,0.0
711,241,241,600,0.23483336275136563,21.0
712,153,153,600,0.24128783660702371,36.0
713,169,169,600,0.23741402223499283,15.0
714,196,196,600,0.2368937316789942,33.0
715,195,195,600,0.2359571611328471,33.0
716,102,102,600,0.24114099242502735,45.0
717,197,197,600,0.23713113753649506,30.0
718,160,160,600,0.23736946085201843,57.0
719,126,126,601,0.2395356532888136,57.0
720,89,89,600,0.24049441700661053,33.0
721,83,83,600,0.24044295323306117,36.0
722,187,187,600,0.23633567731606195,30.0
723,69,69,600,0.24073138698249272,66.0
724,184,184,600,0.23562371013374137,24.0
725,95,95,600,0.2407715062373409,33.0
726,182,182,600,0.23620066931471229,30.0
727,97,97,600,0.24016718995177522,33.0
728,102,102,600,0.23983112596734255,33.0
729,89,89,600,0.24265829835914904,51.0
730,78,78,601,0.2406625363257635,39.0
731,83,83,600,0.24182573881346817,63.0
732,105,105,600,0.24094306778401955,27.0
733,76,76,600,0.24181748504597175,54.0
734,82,82,600,0.24276349130411481,51.0
735,304,304,601,0.23423762636989848,0.0
736,151,151,600,0.23695617123986737,26.0
737,90,90,600,0.23951001075685632,24.0
738,94,94,600,0.24050675012698078,30.0
739,190,190,600,0.23625857531301028,27.0
740,99,99,600,0.23922930175269191,51.0
741,101,101,600,0.24057161284699324,42.0
742,96,96,600,0.239977243301623,75.0
743,105,105,600,0.24045188911259174,57.0
744,186,186,600,0.23672780591669013,27.0
745,129,129,600,0.24015007211881526,33.0
746,211,211,600,0.2359941318307234,33.0
747,120,120,600,0.23859545093266263,36.0
748,92,92,600,0.23887007801721877,63.0
749,161,161,600,0.2385523010577474,45.0
750,98,98,600,0.23983654967856172,72.0
751,185,185,600,0.2360062061094688,33.0
752,243,243,600,0.2350472956608161,33.0
753,132,132,600,0.24153225937149894,21.0
754,194,194,600,0.23801870231715896,27.0
755,97,97,600,0.23994931379462234,45.0
756,220,220,600,0.2358164943299179,35.0
757,144,144,600,0.23679005505602344,21.0
758,179,179,600,0.23603087444741702,18.0
759,89,89,601,0.24068825878202915,51.0
760,92,92,600,0.23993418650015405,60.0
761,101,101,600,0.23917161748496762,36.0
762,105,105,600,0.23954509067282612,30.0
763,90,90,600,0.24169721444578549,36.0
764,117,117,601,0.24150012223611747,68.0
765,195,195,600,0.23561571315103383,39.0
766,81,81,601,0.24352962712079962,51.0
767,86,86,600,0.2422442061784254,36.0
768,90,90,600,0.23978387186189695,69.0
769,174,174,600,0.23741179728599568,30.0
770,216,216,600,0.23540496148137866,27.0
771,127,127,600,0.23765412419486573,48.0
772,163,163,600,0.23686601369477372,21.0
773,103,103,600,0.2390859279267747,48.0
774,200,200,600,0.23729957839740173,33.0
775,200,200,600,0.2363276844975394,24.0
776,83,83,600,0.24032118990150997,45.0
777,187,187,600,0.23650752362048272,33.0
778,97,97,600,0.24193650344386697,51.0
779,91,91,601,0.2412369816583839,39.0
780,210,210,600,0.23769899980043588,15.0
781,86,86,600,0.24317921035819584,57.0
782,151,151,601,0.23873268924269478,30.0
783,214,214,600,0.23520140221158578,18.0
784,138,138,600,0.23782937917728109,48.0
785,215,215,600,0.2360242019519852,18.0
786,88,88,600,0.23945922935929367,42.0
787,82,82,600,0.2400259714746891,45.0
788,96,96,600,0.24028047150706205,36.0
789,115,115,600,0.23847997561097145,50.0
790,217,217,600,0.23619079909037127,21.0
791,189,189,600,0.23617467655840388,18.0
792,118,118,600,0.23914155832751366,45.0
793,212,212,600,0.23531222782795205,30.0
794,93,93,600,0.23967694406482307,39.0
795,95,95,600,0.24037559982389212,27.0
796,96,96,600,0.24035995800013296,48.0
797,86,86,600,0.24270649406720293,27.0
798,94,94,600,0.2408761205151677,60.0
799,198,198,600,0.23601009918708507,33.0
800,90,90,600,0.24378840791304476,45.0
801,178,178,600,0.2369456164234755,32.0
802,201,201,600,0.2351245289390678,24.0
803,110,110,600,0.24147845733051115,27.0
804,78,78,600,0.24043734121168484,48.0
805,103,103,600,0.2398681335595496,60.0
806,133,133,600,0.2387339393768845,27.0
807,107,107,600,0.2385411860701521,27.0
808,103,103,600,0.2399830591110956,30.0
809,175,175,600,0.23652990017839468,33.0
810,96,96,600,0.23970727444342946,45.0
811,86,86,600,0.23949128302300104,54.0
812,110,110,600,0.23948121013055587,51.0
813,233,233,600,0.23508126348785058,0.0
814,83,83,600,0.23931652669691378,72.0
815,95,95,601,0.24174502570681353,39.0
816,96,96,600,0.24073226333437664,69.0
817,90,90,601,0.24245037855778603,33.0
818,144,144,600,0.23952973442095699,51.0
819,180,180,600,0.23674770917669677,24.0
820,199,199,600,0.23625597779480917,24.0
821,122,122,600,0.23822359935038812,57.0
822,95,95,601,0.24141013688806975,39.0
823,122,122,601,0.23856110296639285,60.0
824,123,123,600,0.24155964000293842,24.0
825,89,89,600,0.2392910562617623,42.0
826,93,93,600,0.24023268964480268,45.0
827,165,165,600,0.23746798521305404,39.0
828,100,100,600,0.24054275444624099,33.0
829,87,87,600,0.24215117446146905,51.0
830,105,105,600,0.24177826277014833,63.0
831,210,210,600,0.2340682241637474,38.0
832,183,183,600,0.23575032816616576,21.0
833,103,103,601,0.24131054502971674,60.0
834,199,199,600,0.23530741702613517,24.0
835,123,123,600,0.2385385585232423,21.0
836,105,105,600,0.24064364971234165,48.0
837,190,190,600,0.23669674976987384,51.0
838,163,163,600,0.2403607371809852,51.0
839,96,96,601,0.24142408875202892,48.0
840,204,204,600,0.23625237536766838,21.0
841,170,170,600,0.23807094716545887,33.0
842,80,80,600,0.2416870637991747,36.0
843,267,267,600,0.2326533431187272,0.0
844,129,129,600,0.24029869157418932,48.0
845,93,93,600,0.23995197289401576,54.0
846,85,85,600,0.24068153593256028,60.0
847,97,97,600,0.23925728707131252,24.0
848,98,98,600,0.23858525673858821,27.0
849,94,94,600,0.23989789007068837,51.0
850,91,91,600,0.24144402562583586,45.0
851,273,273,600,0.23525063141544417,0.0
852,88,88,600,0.24124884056737242,45.0
853,98,98,600,0.24183199380163672,33.0
854,115,115,600,0.23919716644898165,45.0
855,103,103,600,0.24014043077131952,54.0
856,89,89,600,0.24096983821785195,51.0
857,210,210,600,0.23571926846800903,33.0
858,249,249,600,0.23520501146315415,24.0
859,188,188,600,0.23769083485121326,18.0
860,85,85,600,0.241665827151347,45.0
861,80,80,600,0.24162084412048845,36.0
862,272,272,600,0.23448255300906837,0.0
863,142,142,600,0.23714914382283203,21.0
864,102,102,600,0.24066880079252378,45.0
865,101,101,600,0.23823429988364556,60.0
866,85,85,600,0.2408435383995811,42.0
867,209,209,600,0.2352007009967446,30.0
868,196,196,600,0.23655727412106034,24.0
869,109,109,601,0.23810868347141922,30.0
870,202,202,600,0.2360173550203716,24.0
871,219,219,600,0.23647390902687462,24.0
872,108,108,600,0.24069426581263542,30.0
873,163,163,600,0.2372571815024404,24.0
874,79,79,601,0.24133581558571143,30.0
875,70,70,600,0.24099845439195633,63.0
876,107,107,600,0.2411461796977424,63.0
877,228,228,600,0.2362181768432015,18.0
878,76,76,600,0.24117642684226356,48.0
879,80,80,600,0.24068259517662227,66.0
880,183,183,600,0.2370879366862202,21.0
881,96,96,600,0.23964755774403995,60.0
882,88,88,600,0.2421194417892318,48.0
883,192,192,600,0.2375607300788311,38.0
884,82,82,600,0.24399012770681155,36.0
885,122,122,600,0.2396085147858795,24.0
886,106,106,600,0.23877084976783744,45.0
887,96,96,600,0.24052465445186832,30.0
888,199,199,600,0.2365172653951032,21.0
889,222,222,600,0.23623021070116731,21.0
890,80,80,600,0.2403664676582112,57.0
891,90,90,600,0.24102707160636783,33.0
892,103,103,600,0.2446108419382203,24.0
893,89,89,600,0.24164211936295033,57.0
894,106,106,600,0.2383542375574852,54.0
895,142,142,600,0.23717895199201608,39.0
896,207,207,600,0.23544632277975813,21.0
897,171,171,600,0.23579672734076912,3.0
898,116,116,600,0.23800119614371887,36.0
899,81,81,600,0.24280398354742183,66.0
900,83,83,600,0.24127551574218137,27.0
901,150,150,600,0.2411094042613651,15.0
902,88,88,600,0.24196383899098703,63.0
903,121,121,600,0.23926790210328278,42.0
904,92,92,600,0.24101596265550582,51.0
905,279,279,601,0.23358688756291354,0.0
906,193,193,600,0.23535299924728662,21.0
907,101,101,600,0.23922592044642596,39.0
908,86,86,601,0.24078328638000693,33.0
909,100,100,600,0.2400998317714885,30.0
910,187,187,601,0.23647783115050014,42.0
911,118,118,600,0.24154369249998583,55.0
912,92,92,600,0.23992736967875783,54.0
913,99,99,600,0.23863458501122822,36.0
914,121,121,600,0.238722310203946,27.0
915,121,121,600,0.23956140503287315,36.0
916,223,223,601,0.2355038294947501,18.0
917,159,159,600,0.23726252622382585,15.0
918,81,81,601,0.24145334244294223,30.0
919,209,209,600,0.23542741709797266,12.0
920,88,88,601,0.2407348108908502,45.0
921,90,90,600,0.2416512222900506,51.0
922,77,77,600,0.24237085308413953,48.0
923,97,97,600,0.23959549957687415,35.0
924,105,105,600,0.24114698716984675,33.0
925,105,105,600,0.239819934306381,33.0
926,162,162,600,0.24008474380360637,45.0
927,93,93,600,0.2384548038613088,42.0
928,157,157,600,0.23929698987913553,33.0
929,117,117,600,0.23992039108028013,36.0
930,179,179,600,0.2357835672812629,48.0
931,115,115,600,0.23775363389625032,48.0
932,130,130,600,0.24020228597488422,51.0
933,180,180,600,0.2366503044454889,27.0
934,79,79,600,0.24156364691784468,48.0
935,157,157,600,0.2366258819220644,35.0
936,124,124,600,0.2394680878226186,42.0
937,229,229,600,0.23622946131499217,41.0
938,117,117,600,0.24073784460581965,21.0
939,86,86,601,0.24090041963221587,81.0
940,96,96,600,0.24016251660544763,51.0
941,154,154,600,0.23894161326674426,24.0
942,105,105,600,0.24041508691846777,51.0
943,201,201,600,0.23543132073451986,21.0
944,122,122,600,0.23908539352795252,69.0
945,97,97,600,0.24348791339434683,63.0
946,181,181,600,0.23618664691281138,18.0
947,104,104,600,0.2403793654577658,27.0
948,165,165,600,0.2372850477695465,36.0
949,80,80,600,0.24080336168836589,42.0
950,235,235,600,0.23476319057085823,30.0
951,99,99,600,0.23975901371031477,63.0
952,183,183,600,0.2371996242706616,27.0
953,92,92,600,0.2420704633473082,36.0
954,96,96,601,0.2385660737865802,54.0
955,144,144,600,0.23773199597583014,44.0
956,98,98,600,0.23900546754399934,45.0
957,108,108,600,0.23977452808100244,51.0
958,104,104,601,0.2408170765009495,51.0
959,115,115,600,0.23854710889281705,39.0
960,150,150,600,0.23668469069246761,27.0
961,107,107,600,0.23898848316125704,36.0
962,95,95,600,0.24068112513620635,54.0
963,190,190,600,0.23655776132011053,21.0
964,100,100,600,0.24007951036434283,33.0
965,91,91,600,0.24067068864640437,42.0
966,108,108,600,0.2388128838180725,45.0
967,90,90,600,0.241633938429387,57.0
968,98,98,600,0.2409041999360022,60.0
969,122,122,600,0.24047076658462174,57.0
970,94,94,600,0.24000366131976708,27.0
971,90,90,600,0.23963519212121917,54.0
972,105,105,600,0.2384914118236145,33.0
973,113,113,601,0.238585875811592,54.0
974,80,80,601,0.24395924992859364,45.0
975,116,116,600,0.2398112296196055,18.0
976,204,204,600,0.23427718215518528,33.0
977,122,122,601,0.2385924935421283,39.0
978,97,97,600,0.23962757317349315,45.0
979,77,77,600,0.24193513381760567,60.0
980,273,273,600,0.23297345356884716,6.0
981,124,124,600,0.23938889304796854,51.0
982,78,78,600,0.2418299429590189,42.0
983,118,118,600,0.2384037322091653,39.0
984,118,118,600,0.24089007262861536,51.0
985,206,206,600,0.23636963572437408,30.0
986,88,88,600,0.24137596835146893,36.0
987,114,114,600,0.23767507635056973,60.0
988,110,110,600,0.24034555099206045,56.0
989,85,85,600,0.24134565008741418,51.0
990,98,98,600,0.2417151498064251,27.0
991,80,80,600,0.24074611746459856,39.0
992,231,231,600,0.23623378494912797,27.0
993,167,167,600,0.23499787809751022,33.0
994,101,101,600,0.24093643454744398,60.0
995,107,107,601,0.2401019812153637,42.0
996,96,96,601,0.2391141013435598,51.0
997,98,98,600,0.24137085091580848,48.0
998,88,88,600,0.2405595163160816,42.0
999,105,105,600,0.2407167588448168,42.0
1000,68,68,600,0.242295435856323,60.0
